Platform,Order No,SKU,Description,Arrived,Qty,Notes
Website,N476431,*RCB0320,"Rico Royal Bb Clarinet Reeds, Strength 2.0, 3-pack",*,1,on po
,,,,,,
Website,N476493,CH332,Champion CH332 Clarinet Pull-Through Cleaning Tool,,1,all on po | 01/03/2026 11:35: RCB1020 ON PO - 01/03/2026 11:35 | RCB1020  IN WAITING AREA
Website,N476493,*RCB1020,"Rico Royal Bb Clarinet Reeds, Strength 2.0, 10-pack",*,1,
Website,N476493,WB205,Herco WB205 Clarinet Thumb Rest Cushions,,1,
Website,N476493,WFMCBL,Faxx Large Mouthpiece Cushion in Black (PK-2),,1,
,,,,,,
Website,N476551,*EXL110-10P,"D'Addario EXL110-10P Nickel Wound Electric Guitar Strings, Regular Light, 10-46, 10 Sets",*,1,ON PO
,,,,,,
eBay,22-14280-77261,NYXL1046-3P,3 Pack of D'Addario NYXL1046 Electric Guitar Strings Nickel Wound 10-46 Regular,,1,Satchel
eBay,22-14280-77261,BATDOOR,JIM DUNLOP - Battery Door To Suit Most Crybaby Pedals Bottom Plate Guitar,,1,Set aside 
eBay,22-14280-77261,*PW-AMSG-20,"Planet Waves American Stage Instrument Cable, 20 feet",*,1, On PO
